S0,S1,S2,S3,S4,S5,S6,S7,S8,S9
1.9326911576707921,-2.1641160066765934,-0.6138836387020845,2.2279233572261035,0.6999561719946428,0.7594175431865366,1.9684215562018572,-0.12254499146463615,1.610777996585778,0.15044550704617876
8.911768551982213,1.093718876882555,7.501299164371737,8.227041342626428,6.723956350405523,6.641613617103083,5.653305372545901,10.085408801311367,6.483660125548063,1.4675116645935873
-1.6506505353307528,-2.5620803320809227,-1.6345225396113268,-0.9861929306625665,-1.3014338362518583,-1.5429154251965738,-2.07045566424633,-1.2159600441575034,-1.461292384964226,-1.531086343658556
0.010159040753737969,0.08549241822782605,-0.3887400927839373,0.7920531076584041,-0.5174149253091471,-0.38376472331909284,-0.008696725646085923,0.62414561379925,0.4691347674223074,0.44983831214351966
-2.858995534027372,1.4768281279808733,-4.33715126590031,-3.1857312120048107,-4.278959409409495,-3.2366409962302285,-2.4870197812401855,-1.6927335779022954,-5.025715775505866,-0.7643434141077421
-1.4673277956987647,-1.9018275877278015,-2.156144136716911,0.20913364511763888,-1.9420780625272727,-2.0135202411305784,-0.21279496936027442,-0.6705350622846495,-1.043913574327803,-0.3112016717117001
3.7861223299765427,4.069854819344247,3.072786260581445,3.502522579036672,2.914773984036003,3.061128913462756,3.944255691128749,3.650187533363013,3.7780301877642195,4.229715127739581
-4.2080129046479335,-3.9140975917224345,-5.3380111152438765,-3.753275307541788,-5.214260833374443,-3.3354927064813005,-3.741718391185895,-2.798986820946862,-5.48566957030506,-3.0166698417356805
2.0044940265072455,-2.582149795809663,3.8431107578216057,2.2534718863547027,2.8159250851835296,3.172097768661562,2.876639464071353,2.023425432834422,1.7064910065773873,-3.632297141296526
0.41808805998135057,1.438354667654167,2.178551810854607,-0.011962538447043869,0.1679252765734276,-0.39459151465797504,-0.7498580834800777,-1.26158309512509,-0.7219866895276894,1.5386197112840634
0.24647790698313088,0.055492418227828466,-0.41874009278393487,-0.08863960149697903,-0.7307203198103629,-0.1820003662625247,0.35764246253564025,-0.24940351566912256,-0.08049527456987704,0.4198383121435221
0.46357446260569724,-1.7375476028552725,0.1320720656061951,0.05865846032802935,1.7052339556702645,1.216019730374132,-0.5356566807176364,-0.27733518838971705,-0.4724193610375522,-0.023155960564661626
0.03389857867212598,-1.8025906450011568,0.1383304472466378,-0.6600794550461977,1.6945980596183627,0.6441853182044515,-0.9775626340823713,-0.8572953229338811,-0.4574794248606633,-0.7687762662061708
2.3997138100601276,4.294980118096788,4.055719474295337,4.4773649098524615,3.951468628157194,3.5277533701527943,4.404631914375745,2.9044418436142294,4.704683484212552,4.362741994875684
-5.237275674216075,1.7988443686855398,-4.3802757259051255,-3.9536342540120906,-4.510498502870131,-4.339537397759312,-5.009773106511322,-4.255150878997217,-4.992244472490459,-2.516769613892656
0.32038099126454966,-1.0220803320809217,-0.09452253961132584,0.5042813522614225,1.05954226326247,0.8617459989440572,-0.09613788867064699,0.18593442254741532,-0.05260928399561138,0.00891365634144492
-0.675616115135103,-1.4621992868514475,-0.45590923346536094,-0.4810231745018214,0.4461197628566804,-0.11929076009416129,-0.9214365661909376,-0.6237174211375471,-0.3016858121165349,-1.0119403196974623
-0.21703689412328941,-0.9111955719681291,-0.6017201833287231,-0.39932933837326345,-0.7372629618320055,-0.4159672267754395,-0.281592844844873,-0.7567959832586411,-0.6237533333830569,-0.1890693605492615
2.1201693140673115,2.2737159590248694,2.5879142955816334,-1.1832339515340848,0.6770451016769812,-0.28900577637090663,-0.2845485498375453,0.09124085683087912,0.34874185194492213,2.5321346465641668
-0.08191194001864943,0.938354667654167,1.6785518108546071,-0.3997443665237128,-0.14339123194412196,-0.9602246546102151,-1.2498580834800777,-2.5582379711013985,-0.6958320122461004,1.0386197112840634
0.3470362562769882,-1.5662784254481004,0.3913565790108553,-0.9856445004086272,0.9868613484497963,0.7244862519124151,-0.15352001232902346,0.1467413289869075,-0.19748807921874878,-0.17036250365890737
2.6420542424276086,-1.2541160066765968,0.2961163612979121,2.6356956942970093,1.2613975678817013,0.6546405864066926,1.2525091427298136,0.7881638213220086,2.4023724427362794,1.0604455070461754
3.4800842585955287,4.269714099960607,1.7029417152468032,3.2230707344915537,2.7814188970105924,2.516456219778,1.9384253473843227,3.6161703740187185,3.694475621686868,3.651117743228813
-2.562384719005429,-4.263705958924966,-0.9305666824030894,-2.5360738603253523,-1.4251425680183765,-0.5841115012685449,-0.8393903505276086,-5.597506156866345,-0.7414412892058628,-1.3411748348322945
3.9081770596304963,4.049854819344247,3.0527862605814455,3.5084854563513126,3.1804882697502883,3.315334974869252,4.119347134106242,3.6301875333630136,3.75803018776422,4.209715127739582
-0.40533271856694775,-0.8177818310659504,-0.3670093627419089,-0.6374312013373054,-0.7057812502834668,-0.0920676172668653,0.22477912370704978,-0.005010411761588784,-0.20952061910394448,-0.31494586937687785
2.5311090571434747,3.153958141971831,2.2343281852519716,3.1069320643349414,2.5595365568786725,2.533655348642778,2.79799316519642,2.663401868550256,3.2494273838569576,2.65032108300926
3.331109057143472,3.953958141971828,3.034328185251969,3.5305705841488795,3.235079886473013,3.284396499287105,3.597993165196417,3.082886115347417,3.79140493990435,3.450321083009257
-0.5948279558024527,-0.5691056799733509,-0.8850249791060918,-0.45700539596160183,-1.0618151003445124,-0.4660283170516131,-0.2619136141079341,0.021018746304120484,-0.16406983509245698,-0.5553198879677623
1.8731984189183066,-0.8138473356851179,0.15426590701017062,-3.3810446411242623,-1.3539621158881587,-2.4351882994350404,-0.7925343858002165,0.2979309997539161,-1.7506573736744144,1.805713798509636
-1.9296950262134764,-0.9839034097976374,-2.400026322683612,-1.8505296104874063,-2.2268753087286974,-2.1637275525042163,-1.6269185854169557,-2.3836201321406065,-1.4529278684787315,-1.721035511824084
-0.7434229913011539,-0.2821725578432357,-2.349770644631569,-1.319550287956968,-1.3813841807587188,-1.4960267582842377,-1.7279681212238884,-0.5096016047502019,-0.5515480940396102,-0.5395910064039313
0.23737650361785256,-0.10182758772780431,-0.3561441367169138,0.7253978657665741,-0.5202326356619977,-0.8970708030043113,0.6935848910581157,1.115863694605494,0.37856193446268804,1.488798328288297
-2.6593254297279145,-4.073705958924965,-0.7405666824030881,-2.457152964806127,-1.6480029169901442,-0.8921839327838903,-0.18160944535210533,-5.502327524090635,-0.4330357353563663,-1.1511748348322932
3.601768551982218,-4.21628112311744,2.191299164371742,2.493827822245244,1.377789592776999,1.2478509669533224,0.3433053725459061,4.7687630357063355,1.0425584508115406,-3.842488335406408
-1.5973877713710998,2.814544504928854,-3.5396535780419995,-1.389806252616097,-3.1406828150185078,-3.2194094068664043,-1.9043242730331542,-1.7317753489405945,-3.4745841645861333,-0.08128452159413513
1.894896354771447,2.143715959024874,2.457914295581638,-1.37254365589704,0.4041879588198398,-0.6349567268218124,-1.043905106797709,-0.03875914316911633,0.21874185194492668,2.4021346465641713
0.4326722043012339,-0.001827587727802893,-0.2561441367169124,1.3718763797841262,-0.14108913855445593,-0.2930708030043121,1.6872050306397242,1.2227199198044403,0.6044034315325248,1.5887983282882985
2.8045637590868076,3.2639581419718304,2.344328185251971,3.081539545324116,2.9159731435937957,2.7943964992871066,2.9024352696588807,2.605076699847782,3.230416161880658,2.7603210830092593
-1.5989889205085799,-0.7514508854031163,-2.0695277825259577,-1.132292083522751,-2.6030147458459165,-1.769374423329202,-0.8153932301996178,-1.2868665090412232,-1.1079563636938392,-1.3634629565807082
1.7726722043012373,1.3381724122722005,1.083855863283091,1.9887209858964923,0.5431879715429346,0.8692035467344112,3.0272050306397276,2.547400533773768,1.6927204373928575,2.928798328288302
-1.3096978431922182,0.38498011809679156,0.1457194742953405,0.9579423330643486,0.34978713738931333,0.17090270169414623,1.5553218627964753,-1.0108067107797396,0.9205249812823872,0.4527419948756872
-0.7715463493037511,-0.3693643530634887,-0.7629853670307547,-0.41492864118376716,-0.7571300352614223,-0.6629594887185135,-0.47946063742557143,-0.7755823327492628,-0.2264383285258873,-0.6265238404848716
-0.9302861899398707,0.9649801180967899,0.7257194742953388,0.8803293643811614,0.5821909291580383,0.18840270169414453,1.0746319143757468,-0.41588727996621344,1.2488419871427219,1.0327419948756855
-0.5734229913011539,-0.11217255784323577,-2.179770644631569,-1.1735465886931582,-1.4970984664730036,-1.3396729666387035,-0.9702155985628433,-0.33960160475020196,-0.3815480940396103,-0.3695910064039314
-0.9245730019868077,-0.3993643530634863,-0.7929853670307523,-0.4467222291001107,-1.3974921557583357,-0.8992094887185118,-0.5526091069919801,-1.0953928012704033,-0.38634583902392805,-0.6565238404848692
0.9777152502643016,-0.9175476028552723,0.9520720656061954,0.9480095571262073,2.0166497026403487,1.430772393343407,0.06738594103570605,0.7029377030510666,0.4791731143565592,0.7968440394353387
1.2925600403345143,-1.1938473356851205,-0.22573409298983194,-2.464102633443531,-1.9206653255752641,-3.290602451463961,-3.0479521301153483,-0.020395674176455714,-1.867580035033619,1.4257137985096335
0.08072000186032824,-0.9570817894808883,0.09176720752886247,-0.46795354051050353,0.29965475341713876,0.477577053656022,0.062469386683565276,0.5438839552951276,0.22109346838936794,-0.10757453587619992
1.1795930300800421,-3.5021497958096646,2.923110757821604,1.7147933049536377,2.063534997047462,2.3133088006633677,1.9125385828825756,1.0124739590254492,1.0486943560504471,-4.552297141296528
-0.024256728782104275,-0.5477818310659508,-0.0970093627419093,-0.34850478813005914,-0.150066964569179,0.2636450766761964,0.19611903822427124,0.2649895882384108,0.06047938089605509,-0.04494586937687828
-0.4630305552575855,-0.8911955719681295,-0.5817201833287236,-0.05978917437678177,-0.6329686433579695,-0.82946352956996,-0.6263961136011638,-0.23275837125481758,-0.3419620177683207,-0.16906936054926192
2.47505553331429,-1.3341160066765951,0.21611636129791378,2.114500743275535,0.9022540707741626,0.0258405864066944,0.2987153173396848,0.7111951505016378,2.2039668888867894,0.9804455070461771
-0.737966406188459,-0.6393643530634883,-1.0329853670307543,-0.28875052940293244,-0.33124479342719226,-0.5204594887185152,-0.7392107216103803,-0.678003215096286,-0.23662330752979344,-0.8965238404848712
2.7580150235403735,2.218172412272196,1.9638558632830865,3.693946261474636,2.2217680043026817,2.3418344274895446,4.733227816161197,3.442719919804439,2.8244034315325237,3.8087983282882973
12.506332849751658,4.6873652880210415,10.24828733244054,13.000220336547049,10.220294904124646,9.890049329562363,10.99753902229019,12.15628081257136,9.905917159758264,4.917519431896622
-5.072667760850006,-4.884097591722433,-6.308011115243875,-3.516847081823645,-5.286669724587508,-3.626851199471961,-3.862950792742911,-3.764466902416199,-5.941992149643237,-3.9866698417356794
-0.41034843942530586,-2.3892174830985873,-0.4236737383486364,0.4312912232107635,0.39107043541406483,-0.025534606234412394,0.24216005758607295,-2.750351421444744,1.3542400588506283,-1.108420251203892
1.495484339873876,1.5437159590248726,1.8579142955816366,-1.8182015894229124,0.0899022445341231,-0.8029538206440847,-0.42744033916495283,-0.6387591431691177,-0.38125814805507474,1.8021346465641699
2.1076586637828783,-2.392149795809665,4.033110757821603,2.569201174707267,2.878779021926043,3.223988298307617,3.103980609854112,2.154400015514476,2.0275926813139122,-3.442297141296528
-0.3942567287821035,-0.91778183106595,-0.4670093627419085,-0.5625246867073166,-0.6839976870448297,-0.08647055714935092,-0.17388096177572798,-0.36468776020147864,-0.5713119347186808,-0.4149458693768775
-1.3084626407778366,-0.8514508854031178,-2.169527782525959,-1.1492258237070185,-1.8458718887030603,-1.6472716268025724,-1.7319914226083934,-1.3868665090412247,-1.2079563636938406,-1.4634629565807096
-0.6015463493037494,-0.199364353063487,-0.592985367030753,-0.22851731995107372,-0.9117778700440518,-0.5167116461084085,-0.30946063742556973,-0.895392801270404,-0.18634583902392876,-0.45652384048486994
3.115560782443538,0.7161526643148832,1.6842659070101718,-3.039522336387897,-0.3888198987099827,-1.9943238702769435,-2.1364986209270143,1.7519551595299063,-0.3521960429948052,3.3357137985096372
-0.2769603900241844,-1.9525906450011572,-0.011669552753362566,-0.578190323663085,1.405944667827562,0.32644523538519543,-1.069190661720727,-0.5325281594969145,-0.21270199867833206,-0.9187762662061711
-1.2445730019868098,-0.7193643530634883,-1.1129853670307543,-0.783133550332801,-1.3928443209757067,-1.195364857773276,-0.8726091069919821,-1.1255823327492624,-0.576438328525887,-0.9765238404848713
-0.36885185290984523,-0.9211955719681306,-0.6117201833287247,-0.07086276116953627,-0.377254357643686,-0.5581884977243838,-0.4604750084109952,-0.2627583712548187,-0.37196201776832183,-0.19906936054926305
-1.0895745804456958,-5.745772293731331,-2.656477183187498,-4.4957133212165665,-1.8951112914062485,-2.466105433262822,-2.3763465572636306,-4.481002293799243,-1.2785709443763231,0.0877144263706704
0.43447883364713746,0.38549241822782676,-0.08874009278393657,0.9174386700507462,0.03213260277661334,0.11615536306690899,0.5029923392567994,0.7824164313485689,0.6392272569242579,0.7498383121435204
0.7826722043012353,0.34817241227219853,0.09385586328308904,1.2390996866299204,0.0726245071951439,-0.0321655725104506,2.0372050306397256,1.565863694605497,0.8285619344626909,1.9387983282883
-2.035358443932971,-1.4588352195001768,-2.9462943252937457,-1.72241795923172,-2.884414170976818,-2.7184343049979667,-1.8405470711954557,-1.8165320456521954,-1.6512760218745086,-1.4831477510201871
-0.6379280864689179,2.199146741196145,0.5994513116331746,1.461958318159276,1.1055665995171182,1.4546649635518492,0.009850380837946204,0.5641127171638729,0.7009020671258099,1.3159357898360113
0.9839458579395277,-0.7875476028552697,1.082072065606198,0.7435193729568113,1.6618047442770152,1.0712583416875177,0.028069633258276383,0.47637541358436764,0.3459881635683395,0.9268440394353412
-2.036638179180038,2.5868281279808727,-3.2271512659003108,-2.895345474042294,-4.253253727883525,-3.4270540092695896,-4.152557922777447,-0.6177621317195019,-4.176190050675281,0.34565658589225734
1.4948963547714413,1.7437159590248683,2.0579142955816323,-0.5295183402207044,0.45329246400812195,-0.9697113034870739,-1.4439051067977147,-0.23134025198672248,0.213357859906111,2.0021346465641656
-7.913864155469479,-0.23334995176495,-5.7792255760436575,-7.116908692456715,-6.534202367408614,-5.682146155690493,-5.852726083193684,-7.42074356854074,-7.576312253376354,-4.344041837260534
10.981768551982213,3.1637188768825553,9.571299164371737,8.550812415402,8.039222384475735,8.378224810381539,7.7233053725459015,12.064596069709324,8.029253426601954,3.5375116645935876
3.253198418918302,0.5661526643148775,1.534265907010166,-3.788782706872915,-0.629685005790769,-1.2423880921173946,0.5874656141997789,1.3824023901486626,-0.633734712315217,3.1857137985096315
0.1756916113741731,-1.8562784254481013,0.10135657901085438,-1.246305734875186,0.9825756341640801,0.5315402083137553,-0.7755446306305522,-0.14325867101309342,-0.4874880792187497,-0.4603625036589083
-1.4796228072775008,-1.7318275877277998,-1.9861441367169093,-0.46537026003414184,-2.1568034242687375,-2.8515202411305793,-1.857074190147543,-0.5072800801955566,-1.125596568467472,-0.1412016717116984
-7.363864155469479,0.3166500482350507,-5.229225576043657,-6.476270238626629,-5.95013077884601,-5.163451612424378,-5.302726083193683,-7.036166589782319,-6.896075115791639,-3.794041837260533
-5.203651263400911,2.276650048235048,-3.2692255760436595,-3.8618826441216925,-3.8683472156073826,-2.8963982130104675,-3.4808316879696513,-3.7823041762054785,-5.1965493909610565,-1.8340418372605356
0.3828502294766398,-1.0325906450011573,0.9083304472466374,0.08530024929538982,1.2828073676928735,0.7516161680956657,-0.13384274808761987,-0.3229319748428008,0.18092809974522517,0.0012237337938287851
-2.389325429727915,-3.803705958924965,-0.4705666824030885,-2.291946369556122,-1.3937139965898062,-0.5791746076539788,0.08839055464789425,-5.137506156866344,-0.281441289205862,-0.8811748348322936
3.558257980747305,4.069810711787527,3.239140515269,3.8162193694215,2.693107809401372,3.5660069447493825,4.3408005438354245,3.9137014060577258,3.9014850755847235,3.7661279978410303
-0.8330418035302785,-1.2468422246306936,-1.9917577299474978,-2.1383975307229637,-0.01774032032856887,-1.1006047463026576,-2.596553764309938,-0.6405355372622523,-0.7635349642664728,-0.5574603197442478
-0.6042250095666368,-1.0463446478422647,-0.6545910394751431,-0.5905281282709396,0.11636460350626265,-0.26198653905901814,-0.7784639887035993,-0.974030818567929,-0.4513532855906526,-0.9050690585100902
-6.691998520422327,0.2488443686855426,-5.930275725905123,-5.979384479876739,-5.979523282529971,-5.651529635903824,-5.963225247414325,-5.795528851342386,-6.8027187476598705,-4.066769613892653
3.6340658609608454,-4.366281123117446,2.041299164371736,1.3309736789258722,1.314373205842223,1.6503821218478691,2.1307465207022176,4.587326887003016,0.6303551013384734,-3.9924883354064136
-1.5116256702718438,-1.7591056799733504,-2.0750249791060913,-1.717954505139323,-1.7051392979227344,-1.4780972422380287,-2.0481166749751125,-1.4412497493783754,-1.6138848560885517,-1.7453198879677618
0.01356996137099209,-0.7777818310659512,-0.3270093627419097,-0.5064534209203355,0.19136160685938997,0.20532944285064936,-0.661619942068338,0.03498958823841036,-0.16952061910394534,-0.2749458693768787
-2.3125162968144366,-3.8137059589249667,-0.4805666824030901,-2.334131807887193,-1.2949284422952658,-0.3940456866912534,-0.06739681063492142,-4.906665912565899,-0.40984684305535524,-0.8911748348322952
-0.9842250095666358,-1.4263446478422637,-1.034591039475142,-0.5853786891126109,-0.11657450257024848,-0.5737292235330518,-1.1584639887035983,-0.8610965676431768,-0.43866631216854834,-1.2850690585100892
0.22613423899224294,-1.0770817894808875,-0.028232792471136747,-0.6213988437811739,0.7263305558389135,0.5626441413662739,-0.7064497954001183,0.16419830102487154,-0.16154032967340015,-0.22757453587619914
2.2795930300800435,-2.402149795809663,4.023110757821605,3.0090028901435844,2.97485150556502,3.517092667501778,3.012538582882577,3.3020392984530424,1.6242876571043254,-3.452297141296526
3.99633284975166,-3.8226347119789565,1.7382873324405423,4.523231792329572,1.8531520469817941,1.411767640261143,1.8303374796164427,3.646280812571362,1.395917159758266,-3.592480568103376
0.8151931417875886,-0.3620803320809216,0.5654774603886743,0.6560610002278189,0.7152607692469246,0.9619690322166541,0.4731674027188859,0.19882767072394714,0.21344001891023723,0.6689136563414451
3.7444173516457155,2.960674783263144,3.0679056407729206,3.5110836308918607,3.2608783900912925,3.004513360960935,5.515159459596749,3.152705733770965,4.125899371368089,5.931004419424575
-2.343904677260923,0.13998120194165153,0.8514972094463538,-0.5410606491133869,-0.28304080382606145,0.3650694184590222,1.7646010471606814,-2.384951046654585,0.36692714677516136,1.1289497917015723
0.48316608793150806,1.4083546676541658,2.148551810854606,-0.3292905258220742,0.44471314190622024,-0.3575292787722617,-0.8076525187473749,-2.0466941272981813,-0.4889093508868996,1.5086197112840622
-0.6568692587035745,-0.9363446478422635,-0.5445910394751419,-0.48708326473459174,-0.383997516990652,-0.367611539059018,-0.6366968137546909,-1.1307121680570251,-0.4722489433980197,-0.795069058510089
-2.3323847190054288,-4.0337059589249655,-0.700566682403089,-2.201280455575361,-1.1794314884187145,-0.39844568669125024,-0.6093903505276081,-5.462327524090636,-0.39303573535636716,-1.111174834832294
0.6477152502643033,-1.2475476028552706,0.6220720656061971,0.47230998162849147,1.623805384241697,1.0256583416875173,-0.26261405896429224,0.21266481161028494,0.01758063896244977,0.46684403943534036
-0.3892799981396724,-1.427081789480889,-0.37823279247113817,-0.9892682805632127,-0.17938693598999222,0.019621946611618313,-0.40753061331643536,-0.04918018403273017,-0.3802234306420189,-0.5775745358762006
-0.6932575783156203,-1.6421992868514472,-0.6359092334653607,-0.8519209409031419,0.4273773781653123,-0.1375644938999514,-1.1437938420353824,-1.1520947828035588,-0.7443196101793017,-1.191940319697462
-2.485442869187736,-2.4741094737054645,-4.006634095289968,-2.646038808863704,-2.746836429593994,-2.8439751713666475,-2.4972912815086445,-2.5637725744422575,-3.4255817620914684,-1.2000794543211235
-0.399528851612871,-1.3270817894808875,-0.27823279247113675,-0.8573146802169003,-0.35605953229714515,0.01754450313969258,0.0017195730618837501,0.17388395529512835,-0.14890653161063128,-0.47757453587619914
-0.16801290464793084,0.12590240827756816,-1.2980111152438738,0.7343444363176417,-0.5185379434718342,0.8350866960251864,0.2982816088141078,1.2419939730885545,-1.1888308599741464,1.0233301582643222
3.7238063865610194,3.699854819344246,2.702786260581444,3.2000859597582014,3.116202555464575,3.239641624099683,3.8968412230236105,3.280187533363012,3.4080301877642185,3.8597151277395803
-1.3470368941232902,-2.04119557196813,-1.731720183328724,-0.7995322645894181,-1.112528995902215,-1.2066635295699601,-1.4115928448448738,-1.0782629254642213,-1.230170702153588,-1.3190693605492623
-1.6196950262134777,-0.6739034097976386,-2.090026322683613,-1.5793204833391066,-2.24152314351133,-1.8786414419151285,-1.316918585416957,-2.4254151168128537,-1.270852783014199,-1.4110355118240854
0.4170362562769885,-1.4962784254481,0.4613565790108556,-0.8234042486785498,1.081614117456592,0.7636686653436513,-0.08352001232902317,0.471185183981893,0.13569687156947552,-0.10036250365890709
0.6220719135310802,3.459146741196143,1.8594513116331726,2.2839510138099683,1.8938578708109972,2.7265853489295537,1.2698503808379442,1.9770494024994818,1.4472246464639937,2.5759357898360093
10.29959303008004,5.617850204190333,12.043110757821601,10.680615537627467,11.174493307640326,11.458997768661558,11.032538582882573,10.164400015514474,10.03759268131391,4.56770285870347
1.1930711693598326,3.3899812019416515,4.101497209446354,3.2507132748031147,3.231599902269714,4.076985840537613,4.6874159094317385,2.7108594864935114,3.365244152635494,4.378949791701572
10.796332849751657,2.9773652880210406,8.53828733244054,11.448903809349876,8.938866332696076,8.275660828503877,7.315934394268947,10.44628081257136,8.195917159758263,3.207519431896621
4.4478556774143385,1.8661526643148818,2.8342659070101703,-2.58381506898408,0.5274578513520893,-0.27444676074676266,0.9835554190722675,2.682402390148667,0.6662652876847872,4.485713798509636
-0.5967238185452022,-0.7363446478422642,-0.3445910394751426,-0.07805450724472074,-0.02060729751664958,-0.29197504720910494,-0.4471779850933597,-0.30786307550521563,0.1204380300240846,-0.5950690585100897
-0.07928310443181097,-0.7277818310659505,-0.277009362741909,-0.4375509238777848,-0.028641599255232464,0.15954507667619744,-0.2893007826645171,0.22499045712562094,0.011375038703423712,-0.224945869376878
-1.9189889205085802,-1.0714508854031166,-2.389527782525958,-1.3686810336712494,-2.9139730564387865,-2.0951223174984595,-1.1353932301996181,-1.4722578447362586,-1.3000314491583769,-1.6834629565807084
-1.8470859567847135,0.5499812019416481,1.2614972094463504,-0.0875158301584662,0.26981633903107394,0.9065182330088213,2.075678937693379,-1.9749510466545885,0.776927146775158,1.5389497917015689
2.81172123023714,-2.68096376782794,3.2175940220338717,3.133143632026723,2.922407845537471,2.8883815077805437,2.8649443165435073,3.3019692882024785,2.0703939304473735,-4.137093768647091
-4.287928086468916,-1.4508532588038534,-3.050548688366824,-2.6346490352798355,-2.606315322999869,-2.1903510078423665,-3.6401496191620524,-3.0688031886379505,-3.2059366432050993,-2.3340642101639872
0.5220315312021739,0.1654924182278279,-0.30874009278393544,0.06403305090173816,-0.3350060340960752,0.21350503388048736,0.5846952317543561,-0.13940351566912312,0.02950472543012239,0.5298383121435215
0.1845063685830617,-1.3525906450011576,0.5883304472466371,-0.2864279337457347,1.573169488189789,0.6628661680956647,-0.45306703564665796,-0.4072953229338818,-0.007479424860663997,-0.3187762662061715
0.34824293560476605,1.1683546676541638,1.908551810854604,-0.12762047197291082,0.18363956228771627,-0.4640532712879164,-1.0923462925296903,-1.531583095125093,-0.9919866895276925,1.2686197112840603
4.778015023540377,4.238172412272199,3.9838558632830896,4.990790867587002,3.586045114400079,4.185044460269268,6.7532278161612,5.4474005337737665,4.592720437392856,5.8287983282883005
3.3978556774143343,0.8161526643148775,1.784265907010166,-0.3947929290805732,0.23219181728187976,-0.9491198140370898,-0.06644458092773675,1.9896043258235423,0.1424199649663791,3.4357137985096315
1.9240658609608516,-6.07628112311744,0.33129916437174245,1.1584557055466362,-0.16032936388018726,0.1891628978427491,0.42074652070222385,2.915408801311372,-0.6863398744519316,-5.702488335406407
2.9687689071647227,-4.936281123117439,1.471299164371743,0.7007360846230597,0.6015160629850911,0.720624810381544,0.6055454174360904,4.017326887003023,0.06035510133848021,-4.562488335406407
0.22464725616732828,-0.9370817894808887,0.11176720752886204,-0.3667087473947692,0.41668554764897614,0.6370519871810547,-0.23354053510075978,0.07565520954207017,-0.28417412773617023,-0.08757453587620034
2.4130711693598315,4.60998120194165,5.321497209446353,4.138255872395394,4.615530624745361,5.23021070836737,5.907415909431737,2.0850489533454137,4.83692714677516,5.598949791701571
1.8454843398738774,1.893715959024874,2.207914295581638,-0.22517627374656257,0.8890067497224123,-0.3883074521821541,-0.07744033916495141,-0.0813402519867168,0.3633578599061167,2.1521346465641713
-0.8334229913011537,-0.37217255784323555,-2.439770644631569,-1.4499498022431574,-2.04281275218729,-1.6132628660138977,-0.6424630759017997,-0.5996016047502017,-0.6415480940396101,-0.6295910064039312
3.7327333155868274,5.71498011809679,5.475719474295339,5.391435549686271,4.779506980111769,4.64814008585433,5.256263428506571,4.464758524332595,5.747158993003055,5.7827419948756855
1.3319870953520692,1.6259024082775682,0.2019888847561262,2.594139803208485,1.044306374926819,2.4015488005280403,1.7982816088141078,2.744090900258648,0.43958849519130183,2.523330158264322
-5.110703802138726,2.6566500482350506,-2.889225576043657,-3.900324484066175,-3.72823515269636,-3.006175653124199,-2.9088826854692265,-4.800270442962653,-4.295600840622232,-1.454041837260533
0.1235699613709933,-0.66778183106595,-0.21700936274190852,-0.27558898523413156,0.32611437586618663,0.2954450766761987,-0.5516199420683368,0.4100443300979961,0.20227069651079077,-0.1649458693768775
-2.093904677260923,0.38998120194165153,1.1014972094463538,-0.16223622692790585,-0.01732972422639989,0.5828811097452373,2.0146010471606814,-2.2135074918410638,0.7427686438449967,1.3789497917015723
0.08438388486489679,-0.7021992868514477,0.30409076653463885,0.09967612641652401,0.7570152576683924,0.5805605061000492,-0.16143656619093782,-0.46285384640308713,0.06436349078931336,-0.25194031969746256
2.135217699014067,0.03040779655364645,-0.14069075173651768,3.213733732849864,-1.0558620431337076,-2.257267123671788,-1.997160067934999,-0.4162178000033556,-0.9161734681337315,0.9874500378569522
-2.2923847190054296,-3.9937059589249664,-0.6605666824030898,-2.3431679817553146,-1.1892141565809808,-0.26932079882150006,-0.569390350527609,-5.086665912565898,-0.589846843055355,-1.071174834832295
-2.639325429727915,-4.053705958924965,-0.7205666824030885,-2.6190404909860803,-1.677785585152403,-0.7857309270974326,-0.16160944535210575,-5.146665912565897,-0.6498468430553537,-1.1311748348322936
-0.11162567027184522,-0.35910567997335185,-0.6750249791060927,-0.24424438683664818,-0.2894282183230743,-0.08637983788238834,-0.6481166749751139,0.10328095658486092,-0.08397734559050463,-0.34531988796776325
3.10175989559896,3.5098548193442483,2.5127862605814464,3.256237936976074,2.2053460525721142,2.3114141746732564,3.1621253065272157,3.311438917319471,3.347041409740523,3.6697151277395825
4.087376503617854,3.748172412272197,3.4938558632830876,5.795431824254294,3.56506479461558,3.222920699704005,4.543584891058117,4.979464937715349,4.606086425672196,5.3387983282882985
-2.0860573400866755,-1.3039034097976376,-2.720026322683612,-2.130023666423604,-2.261161023014413,-2.314891441915126,-1.9420854692436613,-2.703620132140607,-1.7729278684787317,-2.0410355118240844
-1.5962382726750857,-0.9914508854031165,-2.309527782525958,-1.4236934070580851,-2.287297254017009,-1.8554716268025722,-1.5862725543267775,-1.6829457927723936,-1.4758812782293074,-1.6034629565807084
-0.7693973790058717,-0.7863446478422649,-0.3945910394751433,-0.38369717355323196,-0.8054260884192228,-0.6034835748083314,-0.5245584949470565,-0.9807121680570265,-0.3222489433980211,-0.6450690585100904
-0.2438657610077577,-1.5470817894808881,-0.4982327924711374,-1.0355619437465506,0.27204163543857796,0.08025412020487721,-1.176449795400119,-0.16918018403272939,-0.5002234306420181,-0.6975745358761998
-2.7573877713711,1.6545445049288539,-4.699653578042,-2.3850968251498657,-3.8721113864470773,-4.2686109606378615,-5.0854356568794685,-2.8917753489405946,-4.634584164586133,-1.2412845215941353
1.4349869321037403,3.234980118096793,2.995719474295342,3.2140311852445116,2.9950480720151873,2.7306400858543327,3.896101061729901,1.8541127200337897,3.518841987142725,3.3027419948756886
-1.4862382726750862,-0.8814508854031171,-2.1995277825259585,-1.2197317677708206,-2.161586174417348,-1.7513493899816588,-1.476272554326778,-1.416866509041224,-1.23795636369384,-1.493462956580709
-2.262516296814436,-3.763705958924966,-0.4305666824030894,-2.1022442817072395,-1.1951457741329996,-0.4313746076539786,-0.017396810634920712,-5.192327524090636,-0.12303573535636758,-0.8411748348322945
